<?xml version="1.0" encoding="UTF-8"?>
<beans:beans xmlns="http://www.springframework.org/schema/security"
             xmlns:beans="http://www.springframework.org/schema/beans"
             xmlns:xsi="http://www.w3.org/2001/XMLSchema-instance"
             xsi:schemaLocation="http://www.springframework.org/schema/beans
		http://www.springframework.org/schema/beans/spring-beans-3.0.xsd
		http://www.springframework.org/schema/security
		http://www.springframework.org/schema/security/spring-security.xsd">

    	<http auto-config="true">
        <intercept-url pattern="/" access="hasAnyRole('ROLE_USER','ROLE_ADMIN')"/> 
        <intercept-url pattern="/welcome" access="hasAnyRole('ROLE_USER','ROLE_ADMIN')"/>
        <intercept-url pattern="/add*" access="hasAnyRole('ROLE_USER','ROLE_ADMIN')"/>
        <intercept-url pattern="/*c" access="hasAnyRole('ROLE_USER','ROLE_ADMIN')"/>
        <intercept-url pattern="/v*" access="hasAnyRole('ROLE_USER','ROLE_ADMIN')"/>
        <intercept-url pattern="/s*" access="hasAnyRole('ROLE_USER','ROLE_ADMIN')"/>
        <form-login login-page="/login" default-target-url="/selectAccount" authentication-failure-url="/login?error=true" username-parameter="username" password-parameter="password"/>
        <logout logout-success-url="/login?logout" />
        <csrf disabled="true"/>
    </http>

    <authentication-manager alias="authenticationManager" erase-credentials="false">
        <authentication-provider user-service-ref="userDetailsServiceImpl">
            <!--  <password-encoder ref="encoder"></password-encoder>-->
        </authentication-provider>
    </authentication-manager>

    <beans:bean id="userDetailsServiceImpl" class="com.account.service.UserDetailsServiceImpl"></beans:bean>

   <!-- <beans:bean id="encoder"
          class="org.springframework.security.crypto.bcrypt.BCryptPasswordEncoder">
        <beans:constructor-arg name="strength" value="11"/>
    </beans:bean> --> 
</beans:beans>