<beans xmlns:xsi="http://www.w3.org/2001/XMLSchema-instance"
       xmlns:mvc="http://www.springframework.org/schema/mvc"
       xmlns="http://www.springframework.org/schema/beans"
       xsi:schemaLocation="http://www.springframework.org/schema/mvc http://www.springframework.org/schema/mvc/spring-mvc.xsd http://www.springframework.org/schema/beans
 http://www.springframework.org/schema/beans/spring-beans-4.0.xsd">

    <mvc:annotation-driven/>

    <mvc:resources mapping="/resources/**" location="/resources/"/>

    <bean id="messageSource" class="org.springframework.context.support.ReloadableResourceBundleMessageSource">
        <property name="basenames">
            <list>
                <value>classpath:validation</value>
            </list>
        </property>
    </bean>

    <bean class="org.springframework.web.servlet.view.InternalResourceViewResolver">
        <property name="prefix">
            <value>/WEB-INF/views/</value>
        </property>
        <property name="suffix">
            <value>.jsp</value>
        </property>
    </bean>
    
	<bean class="org.springframework.web.servlet.view.XmlViewResolver">
	   <property name="location">
	       <value>/WEB-INF/spring-excel-views.xml</value>
	   </property>
	   <property name="order" value="0" />
	</bean>
    
    <bean id="multipartResolver" class="org.springframework.web.multipart.commons.CommonsMultipartResolver">

		 <!-- setting maximum upload size -->
		

	</bean>
    
    <bean id="mailSender" class="org.springframework.mail.javamail.JavaMailSenderImpl">
		<!-- <property name="host" value="smtp.gmail.com" /> -->
		<property name="host" value="ismtp.corp.capgemini.com" />
		<property name="port" value="25" />
		<property name="username" value="natools_devteam.in@capgemini.com" />
		<!-- <property name="username" value="jaiprakashm108@gmail.com" /> -->
		<!-- <property name="password" value="" /> -->
		
		<property name="javaMailProperties">
			<props>
            	<prop key="mail.smtp.auth">false</prop>
            	<prop key="mail.smtp.starttls.enable">true</prop>
        	</props>
		</property>
		
	</bean>
	
	<bean id="preConfiguredMessage"
		class="org.springframework.mail.SimpleMailMessage">

		<!-- <property name="from" value="jaiprakashm108@gmail.com" /> -->
		<property name="from" value="natools_devteam.in@capgemini.com" />
		<property name="subject" value="Meeting Event" />
		<property name="text">
		<value>
			<![CDATA[
				Event Name : %s,
				Event Description : %s
			]]>
		</value>
	</property>
	</bean>
	
    
</beans>