<?xml version="1.0" encoding="utf-8"?>
<!DOCTYPE hibernate-configuration SYSTEM 
"http://www.hibernate.org/dtd/hibernate-configuration-3.0.dtd">

<hibernate-configuration>
   <session-factory>
   <property name="hibernate.dialect">
      org.hibernate.dialect.MySQLDialect
   </property>
   <property name="hibernate.connection.driver_class">
      com.mysql.jdbc.Driver
   </property>
   
   
   <!-- <property name="hibernate.connection.url">
      jdbc:mysql://in-blr-natools:3306/cbe_bd_prod
   </property>
   <property name="hibernate.connection.username">
      cbeuser
   </property>
   <property name="hibernate.connection.password">
      cbeuser@123
   </property> -->
   

   <!-- Assume test is the database name -->
   
   
   <!-- LOCAL -->
   
 <!--   <property name="hibernate.connection.url">
      jdbc:mysql://localhost:3306/cbe
   </property>
   <property name="hibernate.connection.username">
      root
   </property>
   <property name="hibernate.connection.password">
      admin
   </property> -->
   
    <property name="hibernate.connection.url">
      jdbc:mysql://in-blr-autnaam:3307/cbe_v2
   </property>
   <property name="hibernate.connection.username">
      dev_root
   </property>
   <property name="hibernate.connection.password">
      devikon@123
   </property> 
   
   <!-- <property name="hibernate.connection.url">
      jdbc:mysql://in-blr-innaam:3308/cbe_bd_prod_new
   </property>
   <property name="hibernate.connection.username">
      root
   </property>
   <property name="hibernate.connection.password">
      ikon
   </property> -->
   
   
   <!-- QA -->
   
   <!-- <property name="hibernate.connection.url">
      jdbc:mysql://IN-BLR-AUTNAAM:3307/auto_tracker_qa
   </property>
   <property name="hibernate.connection.username">
      dev_root
   </property>
   <property name="hibernate.connection.password">
      devtool@123
   </property> -->
   
   
   <!-- PROD -->
   
   <!-- <property name="hibernate.connection.url">
      jdbc:mysql://IN-BLR-INNAAM:3308/auto_tracker
   </property>
   <property name="hibernate.connection.username">
      root
   </property>
   <property name="hibernate.connection.password">
      ikon
   </property> -->
   
   
</session-factory>
</hibernate-configuration>